name,action,date,year,reason,reason_category,subscribers,related_issue_slug,ban_wave_slug,source_count,url
r/Efilism,banned,May 2025,2025,Violation of self-harm policy (community devoted to anti-life philosophy),Violence,"≈10,000",,,2,https://redditwatch.org/subreddits/efilism
r/IsElonDeadYet,banned,February 2025,2025,Permanently banned for violent content during Reddit's crackdown on posts targeting Elon Musk and DOGE staff.,Violence,,,,2,https://redditwatch.org/subreddits/iselondeadyet
r/WhitePeopleTwitter,banned,February 2025,2025,Temporary 72-hour ban over prevalence of violent content,Violence,"≈26,000,000",,,3,https://redditwatch.org/subreddits/whitepeopletwitter
r/LuigiFever,banned,December 2024,2024,Caught by automated spam systems (Mangione-related),Spam/manipulation,,,,1,https://redditwatch.org/subreddits/luigifever
r/LuigiMangione,banned,December 2024,2024,Glorification of violence (fan sub for the UHC CEO killing suspect),Violence,,,,1,https://redditwatch.org/subreddits/luigimangione
r/LuigiMangione2,banned,December 2024,2024,Ban evasion (successor to r/LuigiMangione),Spam/manipulation,,,,1,https://redditwatch.org/subreddits/luigimangione2
r/CLTV,banned,March 2022,2022,Ban-evasion recreation of a community removed for doxxing,Doxxing,,reddit-bans-chonglangtv-doxxing-china-censorship-2022,,2,https://redditwatch.org/subreddits/cltv
r/ChongLangTV,banned,March 2022,2022,Doxxing (publishing a user's personal information),Doxxing,"≈53,000",reddit-bans-chonglangtv-doxxing-china-censorship-2022,,2,https://redditwatch.org/subreddits/chonglangtv
r/GenZedong,quarantined,March 2022,2022,Disinformation about the invasion of Ukraine,Misinformation,,,,2,https://redditwatch.org/subreddits/genzedong
r/PiratedGames,banned,August 2022,2022,Excessive copyright-infringement (DMCA) takedowns against the community,Illegal/transactions,"≈300,000",,,2,https://redditwatch.org/subreddits/piratedgames
r/Russia,quarantined,March 2022,2022,High volume of misinformation after the invasion of Ukraine,Misinformation,,,,1,https://redditwatch.org/subreddits/russia
r/RussiaPolitics,quarantined,March 2022,2022,Quarantined for misinformation about the Russian invasion of Ukraine unsupported by credible sources,Misinformation,6k,,,2,https://redditwatch.org/subreddits/russiapolitics
r/SocialJusticeInAction,banned,June 2022,2022,Promoting hate (sister sub to r/TumblrInAction),Hate,,reddit-bans-tumblrinaction-socialjusticeinaction-2022,,2,https://redditwatch.org/subreddits/socialjusticeinaction
r/TumblrInAction,banned,June 2022,2022,Anti-'SJW' community banned for promoting hate,Hate,"≈470,000",reddit-bans-tumblrinaction-socialjusticeinaction-2022,,2,https://redditwatch.org/subreddits/tumblrinaction
r/AskTruFemcels,banned,2021,2021,Promoting hate (femcel cluster satellite),Hate,,,,2,https://redditwatch.org/subreddits/asktrufemcels
r/CovidIsAFraud,quarantined,September 2021,2021,COVID denial / misinformation,Misinformation,,,,2,https://redditwatch.org/subreddits/covidisafraud
r/CovidVaccinatedUncut,quarantined,September 2021,2021,COVID-19 vaccine misinformation and associated abuse,Misinformation,,,,2,https://redditwatch.org/subreddits/covidvaccinateduncut
r/Ivermectin,quarantined,September 2021,2021,COVID/anti-vaccine misinformation,Misinformation,,,,2,https://redditwatch.org/subreddits/ivermectin
r/MGTOW,banned,August 2021,2021,Misogynistic manosphere content; hate/violence,Hate,"≈120,000",,,1,https://redditwatch.org/subreddits/mgtow
r/NoNewNormal,banned,September 2021,2021,COVID misinformation hub; banned for brigading,Misinformation,"≈120,000",reddit-nonewnormal-covid-misinformation-strike-2021,covid-misinformation-wave-2021,3,https://redditwatch.org/subreddits/nonewnormal
r/PandemicHoax,banned,2021,2021,COVID-19 denial / pandemic-hoax misinformation,Misinformation,,,,2,https://redditwatch.org/subreddits/pandemichoax
r/TheGlowUp,banned,2021,2021,Promoting hate (femcel cluster satellite),Hate,,,,2,https://redditwatch.org/subreddits/theglowup
r/TruFemcels,banned,January 2021,2021,"Promoting hate (identity-based hostility, including transphobia and racism)",Hate,"≈20,000",,,2,https://redditwatch.org/subreddits/trufemcels
r/TrueAntiVaccination,quarantined,September 2021,2021,COVID-19 / anti-vaccine misinformation and associated abuse,Misinformation,,,,2,https://redditwatch.org/subreddits/trueantivaccination
r/Wuhan_Flu,quarantined,September 2021,2021,COVID misinformation / denial,Misinformation,,,,2,https://redditwatch.org/subreddits/wuhan-flu
r/conspiracy,quarantined,August 2021,2021,COVID/anti-vaccine health misinformation,Misinformation,,,,1,https://redditwatch.org/subreddits/conspiracy
r/donaldtrump,banned,January 2021,2021,Repeated policy violations and content related to the Capitol attack,Violence,"≈52,000",the-donald-quarantine-and-ban,,1,https://redditwatch.org/subreddits/donaldtrump
r/refusenewnormal,banned,2021,2021,Circumventing the quarantine of a COVID-misinformation community,Misinformation,,,,2,https://redditwatch.org/subreddits/refusenewnormal
r/rejectnewnormal,banned,2021,2021,Circumventing the quarantine of a COVID-misinformation community,Misinformation,,,,2,https://redditwatch.org/subreddits/rejectnewnormal
r/truthseekers,banned,2021,2021,COVID-19 / conspiracy misinformation,Misinformation,,,,2,https://redditwatch.org/subreddits/truthseekers
r/vaccinelonghaulers,quarantined,September 2021,2021,Anti-vaccine/COVID misinformation,Misinformation,,,,2,https://redditwatch.org/subreddits/vaccinelonghaulers
r/ActualWomen,banned,June 2020,2020,Promoting hate (anti-transgender content),Hate,,,,2,https://redditwatch.org/subreddits/actualwomen
r/AskThe_Donald,banned,June 2020,2020,Promoting hate; The_Donald-aligned content,Hate,,the-donald-quarantine-and-ban,,1,https://redditwatch.org/subreddits/askthe-donald
r/BecauseTrans,banned,June 2020,2020,Promoting hate (anti-transgender content),Hate,,,,2,https://redditwatch.org/subreddits/becausetrans
r/ChapoTrapHouse,banned,June 2020,2020,Repeated rule-breaking/hateful content,Hate,"≈160,000",reddit-bans-chapotraphouse-june-2020-great-ban,great-ban-2020,2,https://redditwatch.org/subreddits/chapotraphouse
r/Chodi,banned,June 2020,2020,Communal/religious hate (India-focused),Hate,,,,2,https://redditwatch.org/subreddits/chodi
r/ConsumeProduct,banned,June 2020,2020,"Antisemitic, white-nationalist content",Hate,,,great-ban-2020,1,https://redditwatch.org/subreddits/consumeproduct
r/Cumtown,banned,June 2020,2020,Promoting hate based on identity,Hate,,,great-ban-2020,1,https://redditwatch.org/subreddits/cumtown
r/DarkHumorAndMemes,banned,June 2020,2020,Promoting hate based on identity,Hate,,,great-ban-2020,1,https://redditwatch.org/subreddits/darkhumorandmemes
r/DarkJokeCentral,banned,June 2020,2020,Promoting hate based on identity,Hate,,,great-ban-2020,1,https://redditwatch.org/subreddits/darkjokecentral
r/GCDebatesQT,banned,June 2020,2020,Promoting hate (anti-transgender content),Hate,,,great-ban-2020,2,https://redditwatch.org/subreddits/gcdebatesqt
r/GamersRiseUp,banned,June 2020,2020,Ironic-then-genuine racist/antisemitic content,Hate,"≈430,000",,,2,https://redditwatch.org/subreddits/gamersriseup
r/GenderCritLesbians,banned,June 2020,2020,Promoting hate (anti-transgender content),Hate,,,great-ban-2020,2,https://redditwatch.org/subreddits/gendercritlesbians
r/GenderCritical,banned,June 2020,2020,Anti-transgender hate (TERF),Hate,"≈64,000",reddit-bans-gendercritical-june-2020-anti-trans,great-ban-2020,2,https://redditwatch.org/subreddits/gendercritical
r/GenderCriticalGuys,banned,June 2020,2020,Anti-transgender hate (TERF satellite),Hate,,,great-ban-2020,1,https://redditwatch.org/subreddits/gendercriticalguys
r/GenderCriticalTheory,banned,June 2020,2020,Promoting hate (anti-transgender content),Hate,,,great-ban-2020,2,https://redditwatch.org/subreddits/gendercriticaltheory
r/HateCrimeHoax,banned,June 2020,2020,Promoting hate based on identity,Hate,,,great-ban-2020,1,https://redditwatch.org/subreddits/hatecrimehoax
r/HateCrimeHoaxes,banned,June 2020,2020,Promoting hate based on identity,Hate,,,great-ban-2020,2,https://redditwatch.org/subreddits/hatecrimehoaxes
r/ImGoingToHellForThis,banned,June 2020,2020,Promoting hate; bigoted shock-meme content,Hate,"≈700,000",,,1,https://redditwatch.org/subreddits/imgoingtohellforthis
r/Imgoingtohellforthis2,banned,June 2020,2020,Promoting hate based on identity (successor),Hate,,,,1,https://redditwatch.org/subreddits/imgoingtohellforthis2
r/ItsAFetish,banned,June 2020,2020,Promoting hate (anti-transgender content),Hate,,,,2,https://redditwatch.org/subreddits/itsafetish
r/LGBDropTheT,banned,June 2020,2020,Promoting hate (anti-transgender content),Hate,,,,2,https://redditwatch.org/subreddits/lgbdropthet
r/Mr_Trump2,banned,June 2020,2020,Promoting hate based on identity (The_Donald successor),Hate,,the-donald-quarantine-and-ban,,1,https://redditwatch.org/subreddits/mr-trump2
r/PinkpillFeminism,banned,2020,2020,Promoting hate (misandry / identity-based hostility),Hate,,,,3,https://redditwatch.org/subreddits/pinkpillfeminism
r/TERFIsASlur,banned,June 2020,2020,Promoting hate (anti-transgender content),Hate,,,great-ban-2020,2,https://redditwatch.org/subreddits/terfisaslur
r/TheNewRight,banned,June 2020,2020,Promoting hate based on identity,Hate,,,,2,https://redditwatch.org/subreddits/thenewright
r/The_Donald,banned,June 2020,2020,Repeated hate-speech/rule violations,Hate,"≈790,000",the-donald-quarantine-and-ban,great-ban-2020,1,https://redditwatch.org/subreddits/the-donald
r/ThereAreTwoGenders,banned,June 2020,2020,Promoting hate (anti-transgender content),Hate,,,,2,https://redditwatch.org/subreddits/therearetwogenders
r/TransgenderKids,banned,June 2020,2020,Promoting hate (anti-transgender content),Hate,,,,2,https://redditwatch.org/subreddits/transgenderkids
r/TrollGC,banned,June 2020,2020,Promoting hate (anti-transgender content),Hate,,,,2,https://redditwatch.org/subreddits/trollgc
r/TrueLesbians,banned,June 2020,2020,Promoting hate (anti-transgender content),Hate,,,great-ban-2020,2,https://redditwatch.org/subreddits/truelesbians
r/Vindicta,banned,2020,2020,Promoting hate (lookism / identity-based hostility),Hate,,,,2,https://redditwatch.org/subreddits/vindicta
r/Wojak,banned,June 2020,2020,Promoting hate based on identity,Hate,,,great-ban-2020,1,https://redditwatch.org/subreddits/wojak
r/darkenlightenment,banned,June 2020,2020,Neo-reactionary content opposed to democracy/egalitarianism,Hate,,,,1,https://redditwatch.org/subreddits/darkenlightenment
r/gentilesunited,banned,June 2020,2020,Antisemitic content blaming Jewish people for societal ills,Hate,,,,1,https://redditwatch.org/subreddits/gentilesunited
r/soyboys,banned,June 2020,2020,Promoting hate based on identity,Hate,,,great-ban-2020,1,https://redditwatch.org/subreddits/soyboys
r/whitebeauty,banned,June 2020,2020,White-supremacist 'fascist beauty standards' content,Hate,,,,2,https://redditwatch.org/subreddits/whitebeauty
r/Braincels,banned,September 2019,2019,Bullying/harassment; misogynistic 'blackpill' incel content,Harassment,"≈78,000",reddit-bans-incels-braincels-2017-2019,,2,https://redditwatch.org/subreddits/braincels
r/CringeAnarchy,banned,April 2019,2019,"Far-right/Islamophobic content; quarantined 2018, banned 2019",Hate,"≈400,000",,,2,https://redditwatch.org/subreddits/cringeanarchy
r/Honkler,banned,July 2019,2019,Coded 'clown world' alt-right/antisemitic content,Hate,,,,1,https://redditwatch.org/subreddits/honkler
r/Ice_Poseidon,banned,October 2019,2019,"Harassment, doxxing, swatting (IRL-streamer community)",Harassment,,,,2,https://redditwatch.org/subreddits/ice-poseidon
r/Ice_Poseidon2,banned,October 2019,2019,Harassment/doxxing (community-run successor),Harassment,,,,1,https://redditwatch.org/subreddits/ice-poseidon2
r/Jakolandia,banned,January 2019,2019,Removed for distributing non-consensual sexualized photos of women taken from social media,Harassment,,reddit-bans-jakolandia-ncii-philippines-2019,,2,https://redditwatch.org/subreddits/jakolandia
r/MakeMyCoffin,banned,March 2019,2019,Glorifying death/violence (shock content),Gore/shock,,,,1,https://redditwatch.org/subreddits/makemycoffin
r/Mr_Trump,banned,2019,2019,Hateful/rule-breaking pro-Trump content (r/The_Donald splinter),Hate,,the-donald-quarantine-and-ban,,1,https://redditwatch.org/subreddits/mr-trump
r/N1tech,banned,April 2019,2019,Neo-Nazi organizing content,Hate,,,,1,https://redditwatch.org/subreddits/n1tech
r/Watchpeoplesurvive,banned,March 2019,2019,Graphic-injury/violence content (r/watchpeopledie network),Gore/shock,,,,1,https://redditwatch.org/subreddits/watchpeoplesurvive
r/frenworld,banned,June 2019,2019,Coded alt-right/antisemitic dogwhistles; glorifying violence,Hate,"≈60,000",,,2,https://redditwatch.org/subreddits/frenworld
r/gore,banned,March 2019,2019,Graphic death imagery; glorifying violence,Gore/shock,,reddit-bans-watchpeopledie-gore-christchurch-2019,christchurch-gore-ban-2019,1,https://redditwatch.org/subreddits/gore
r/watchpeopledie,banned,March 2019,2019,Glorifying violence; users shared the Christchurch video,Gore/shock,"≈300,000+",reddit-bans-watchpeopledie-gore-christchurch-2019,christchurch-gore-ban-2019,1,https://redditwatch.org/subreddits/watchpeopledie
r/wpdtalk,banned,March 2019,2019,Companion to r/watchpeopledie; glorifying violence,Gore/shock,,,christchurch-gore-ban-2019,1,https://redditwatch.org/subreddits/wpdtalk
r/AirsoftMarket,banned,March 2018,2018,"Removed under the March 21, 2018 transaction rule despite trading non-firearm airsoft replicas",Illegal/transactions,,,transaction-ban-2018,2,https://redditwatch.org/subreddits/airsoftmarket
r/BiblicalQ,banned,September 2018,2018,"QAnon satellite — incitement, harassment, doxxing",Violence,,,qanon-ban-wave-2018,2,https://redditwatch.org/subreddits/biblicalq
r/CBTS_Stream,banned,March 2018,2018,"QAnon hub — inciting violence, harassment, doxxing",Violence,,reddit-bans-greatawakening-qanon-subreddits-september-2018,qanon-ban-wave-2018,1,https://redditwatch.org/subreddits/cbts-stream
r/CBTS_Stream_Backup,banned,September 2018,2018,"QAnon backup hub — inciting violence, harassment, doxxing",Violence,,reddit-bans-greatawakening-qanon-subreddits-september-2018,qanon-ban-wave-2018,1,https://redditwatch.org/subreddits/cbts-stream-backup
r/CalmBeforeTheStorm,banned,September 2018,2018,"QAnon satellite — inciting violence, harassment, doxxing",Violence,,,qanon-ban-wave-2018,1,https://redditwatch.org/subreddits/calmbeforethestorm
r/CartelGore,banned,2018,2018,Graphic cartel-violence imagery; glorifying violence,Gore/shock,,,,1,https://redditwatch.org/subreddits/cartelgore
r/CelebFakes,banned,February 2018,2018,Faked/manipulated sexual images of people without consent,Other,,reddit-deepfakes-origin-ban-2018,,1,https://redditwatch.org/subreddits/celebfakes
r/DNMSuperlist,banned,March 2018,2018,Aggregating darknet-market vendor listings,Illegal/transactions,,reddit-darknetmarkets-ban-2018,transaction-ban-2018,1,https://redditwatch.org/subreddits/dnmsuperlist
r/DarkNetMarkets,banned,March 2018,2018,Facilitating illegal-goods transactions (drugs),Illegal/transactions,"≈200,000",reddit-darknetmarkets-ban-2018,transaction-ban-2018,2,https://redditwatch.org/subreddits/darknetmarkets
r/DarknetUK,banned,March 2018,2018,UK-focused darknet-market community removed under the new transaction policy,Illegal/transactions,,,,2,https://redditwatch.org/subreddits/darknetuk
r/DebateAltRight,banned,January 2018,2018,Promoting hate; posting personal information,Hate,,,,2,https://redditwatch.org/subreddits/debatealtright
r/EU_RCSources,banned,March 2018,2018,European research-chemical sourcing community removed under the new transaction policy,Illegal/transactions,,,transaction-ban-2018,2,https://redditwatch.org/subreddits/eu-rcsources
r/Escorts,banned,March 2018,2018,Removed under the new policy banning transactions for paid services involving physical sexual contact,Illegal/transactions,,,,2,https://redditwatch.org/subreddits/escorts
r/FullCommunism,quarantined,September 2018,2018,Content glorifying violence (per Reddit quarantine criteria),Violence,,,,1,https://redditwatch.org/subreddits/fullcommunism
r/GreatAwakening,banned,September 2018,2018,"QAnon — inciting violence, harassment, doxxing",Violence,"≈54,000",reddit-bans-greatawakening-qanon-subreddits-september-2018,qanon-ban-wave-2018,2,https://redditwatch.org/subreddits/greatawakening
r/GunDeals,banned,March 2018,2018,Firearm/ammunition transactions,Illegal/transactions,,reddit-gun-sales-subreddit-bans-2018,transaction-ban-2018,2,https://redditwatch.org/subreddits/gundeals
r/Heroin,banned,March 2018,2018,Facilitating sourcing of a controlled substance,Illegal/transactions,,,transaction-ban-2018,1,https://redditwatch.org/subreddits/heroin
r/HiddenService,banned,March 2018,2018,Facilitating darknet-market access / illegal transactions,Illegal/transactions,,,transaction-ban-2018,1,https://redditwatch.org/subreddits/hiddenservice
r/Hookers,banned,March 2018,2018,Removed under the new prohibition on paid physical sexual services,Illegal/transactions,,,,2,https://redditwatch.org/subreddits/hookers
r/MaleEscorts,banned,March 2018,2018,Removed under the post-FOSTA ban on paid physical sexual services,Illegal/transactions,,,,2,https://redditwatch.org/subreddits/maleescorts
r/MillionDollarExtreme,banned,September 2018,2018,Violent content; alt-right/racist/antisemitic material,Hate,"≈43,000",reddit-bans-milliondollarextreme-september-2018,qanon-ban-wave-2018,1,https://redditwatch.org/subreddits/milliondollarextreme
r/ProEDMemes,banned,November 2018,2018,Removed under the policy prohibiting content that encourages physical self-harm (pro-eating-disorder community),Other,14k,,,2,https://redditwatch.org/subreddits/proedmemes
r/QAnonResearch,banned,September 2018,2018,"QAnon satellite — inciting violence, harassment, doxxing",Violence,,,,1,https://redditwatch.org/subreddits/qanonresearch
r/QAnon_Serious,banned,September 2018,2018,QAnon conspiracy content inciting violence,Violence,,,,1,https://redditwatch.org/subreddits/qanon-serious
r/QProofs,banned,September 2018,2018,"QAnon satellite — incitement, harassment, doxxing",Violence,,reddit-bans-greatawakening-qanon-subreddits-september-2018,qanon-ban-wave-2018,2,https://redditwatch.org/subreddits/qproofs
r/Quincels,banned,September 2018,2018,QAnon/incel crossover content inciting violence,Violence,,,qanon-ban-wave-2018,1,https://redditwatch.org/subreddits/quincels
r/RCSources,banned,March 2018,2018,Research-chemical sourcing community removed under the new transaction policy,Illegal/transactions,,,transaction-ban-2018,2,https://redditwatch.org/subreddits/rcsources
r/RaptureMarket,banned,March 2018,2018,Darknet-market discussion community removed under the new transaction policy,Illegal/transactions,,,,2,https://redditwatch.org/subreddits/rapturemarket
r/SanctionedSuicide,banned,March 2018,2018,Promotion of self-harm,Other,,,,2,https://redditwatch.org/subreddits/sanctionedsuicide
r/SilkRoad,banned,March 2018,2018,Darknet drug-market discussion/facilitation,Illegal/transactions,,reddit-silkroad-community,,1,https://redditwatch.org/subreddits/silkroad
r/Steroids,banned,March 2018,2018,Facilitating sale of controlled substances (steroids),Illegal/transactions,,,transaction-ban-2018,1,https://redditwatch.org/subreddits/steroids
r/SugarDaddy,banned,March 2018,2018,Removed under the new ban on transactions for paid sexual services,Illegal/transactions,,,,2,https://redditwatch.org/subreddits/sugardaddy
r/TheRedPill,quarantined,September 2018,2018,Misogynistic manosphere content,Hate,,,,2,https://redditwatch.org/subreddits/theredpill
r/The_GreatAwakening,banned,September 2018,2018,QAnon backup hub — inciting violence and harassment,Violence,,reddit-bans-greatawakening-qanon-subreddits-september-2018,qanon-ban-wave-2018,1,https://redditwatch.org/subreddits/the-greatawakening
r/UncensoredNews,banned,March 2018,2018,Inciting violence; white-nationalist moderators,Hate,"≈100,000",,,2,https://redditwatch.org/subreddits/uncensorednews
r/WhiteRights,banned,2018,2018,White-nationalist content,Hate,,reddit-bans-european-whiterights-nationalist-subs-2017-2018,,1,https://redditwatch.org/subreddits/whiterights
r/YouTubeFakes,banned,February 2018,2018,Faked/manipulated sexual images of people without consent,Other,,reddit-deepfakes-origin-ban-2018,,1,https://redditwatch.org/subreddits/youtubefakes
r/beertrade,banned,March 2018,2018,Trade in alcohol (controlled goods),Illegal/transactions,,,transaction-ban-2018,1,https://redditwatch.org/subreddits/beertrade
r/billionshekelsupreme,banned,September 2018,2018,Antisemitic / alt-right content,Hate,,,,1,https://redditwatch.org/subreddits/billionshekelsupreme
r/cigarmarket,banned,March 2018,2018,Trade in tobacco (controlled goods),Illegal/transactions,,,transaction-ban-2018,1,https://redditwatch.org/subreddits/cigarmarket
r/danknation,banned,March 2018,2018,Drug-sourcing community removed in the darknet-market ban wave,Illegal/transactions,,,,2,https://redditwatch.org/subreddits/danknation
r/darknetmarketsnoobs,banned,March 2018,2018,Darknet drug-market facilitation,Illegal/transactions,,reddit-darknetmarkets-ban-2018,transaction-ban-2018,1,https://redditwatch.org/subreddits/darknetmarketsnoobs
r/deepfakeNSFW,banned,February 2018,2018,Non-consensual AI-generated pornography,Other,,reddit-deepfakes-origin-ban-2018,,2,https://redditwatch.org/subreddits/deepfakensfw
r/deepfakes,banned,February 2018,2018,Non-consensual AI face-swap pornography,Other,"≈90,000",reddit-deepfakes-origin-ban-2018,,1,https://redditwatch.org/subreddits/deepfakes
r/deepfakesNSFW,banned,February 2018,2018,Non-consensual AI-generated pornography,Other,,,,2,https://redditwatch.org/subreddits/deepfakesnsfw
r/dream_dnm,banned,March 2018,2018,Dream Market darknet-market community removed under the new transaction policy,Illegal/transactions,,,,2,https://redditwatch.org/subreddits/dream-dnm
r/dreammarket2,banned,March 2018,2018,Dream Market darknet-market community removed under the new transaction policy,Illegal/transactions,,,,2,https://redditwatch.org/subreddits/dreammarket2
r/drugsforsale,banned,March 2018,2018,Facilitating drug transactions,Illegal/transactions,,reddit-darknetmarkets-ban-2018,transaction-ban-2018,1,https://redditwatch.org/subreddits/drugsforsale
r/european,banned,March 2018,2018,"White-nationalist content; quarantined 2016, banned 2018",Hate,,reddit-bans-european-whiterights-nationalist-subs-2017-2018,,1,https://redditwatch.org/subreddits/european
r/facesets,banned,February 2018,2018,Facilitating non-consensual deepfake creation (face-image datasets),Other,,reddit-deepfakes-origin-ban-2018,,1,https://redditwatch.org/subreddits/facesets
r/fakeapp,banned,February 2018,2018,Non-consensual deepfake pornography (software community),Other,,reddit-deepfakes-origin-ban-2018,,1,https://redditwatch.org/subreddits/fakeapp
r/fakeid,banned,March 2018,2018,Trade in falsified documents,Illegal/transactions,,,transaction-ban-2018,1,https://redditwatch.org/subreddits/fakeid
r/fragilejewishredditor,quarantined,2018,2018,Antisemitic harassment content,Hate,,,,2,https://redditwatch.org/subreddits/fragilejewishredditor
r/gunsforsale,banned,March 2018,2018,Facilitating firearm sales,Illegal/transactions,,reddit-gun-sales-subreddit-bans-2018,transaction-ban-2018,1,https://redditwatch.org/subreddits/gunsforsale
r/milliondollarextreme2,banned,September 2018,2018,Violent content; alt-right/antisemitic material,Hate,,reddit-bans-milliondollarextreme-september-2018,,1,https://redditwatch.org/subreddits/milliondollarextreme2
r/nsfwdeepfakes,banned,February 2018,2018,Non-consensual AI-generated pornography,Other,,reddit-deepfakes-origin-ban-2018,,1,https://redditwatch.org/subreddits/nsfwdeepfakes
r/proED,banned,November 2018,2018,Removed for hosting content that encouraged physical self-harm (pro-eating-disorder behaviors),Other,33k,,,2,https://redditwatch.org/subreddits/proed
r/scotchswap,banned,March 2018,2018,"Removed under the March 21, 2018 transaction rule covering controlled goods including alcohol",Illegal/transactions,,,,2,https://redditwatch.org/subreddits/scotchswap
r/shoplifting,banned,March 2018,2018,Promoting theft / stolen goods,Illegal/transactions,"≈80,000",reddit-shoplifting-ban-2018,transaction-ban-2018,2,https://redditwatch.org/subreddits/shoplifting
r/stealing,banned,March 2018,2018,Promoting trade in stolen goods,Illegal/transactions,,reddit-shoplifting-ban-2018,transaction-ban-2018,1,https://redditwatch.org/subreddits/stealing
r/thestorm,banned,September 2018,2018,"QAnon satellite — incitement, harassment, doxxing",Violence,,reddit-bans-greatawakening-qanon-subreddits-september-2018,qanon-ban-wave-2018,1,https://redditwatch.org/subreddits/thestorm
r/whitenationalism,quarantined,2018,2018,White-nationalist content,Hate,,reddit-bans-european-whiterights-nationalist-subs-2017-2018,violence-policy-purge-2017,1,https://redditwatch.org/subreddits/whitenationalism
r/xanaxcartel,banned,March 2018,2018,Facilitating illegal drug transactions,Illegal/transactions,,,transaction-ban-2018,1,https://redditwatch.org/subreddits/xanaxcartel
r/DylannRoofInnocent,banned,October 2017,2017,Glorifying violence (defending the Charleston shooter),Violence,,,violence-policy-purge-2017,2,https://redditwatch.org/subreddits/dylannroofinnocent
r/EuropeanNationalism,banned,October 2017,2017,White-nationalist content; glorifying violence,Hate,,reddit-bans-european-whiterights-nationalist-subs-2017-2018,violence-policy-purge-2017,3,https://redditwatch.org/subreddits/europeannationalism
r/NationalSocialism,banned,October 2017,2017,Glorifying/inciting violence (neo-Nazi),Hate,,,violence-policy-purge-2017,2,https://redditwatch.org/subreddits/nationalsocialism
r/Nazi,banned,October 2017,2017,Glorifying/inciting violence (neo-Nazi),Hate,,,violence-policy-purge-2017,2,https://redditwatch.org/subreddits/nazi
r/Niggermania,banned,October 2017,2017,Anti-Black racist hate speech glorifying violence,Hate,,reddit-chimpire-network-splc-black-hole-2015,coontown-content-policy-2015,1,https://redditwatch.org/subreddits/niggermania
r/Physical_Removal,banned,August 2017,2017,Inciting violence ('physical removal' of political opponents),Violence,,,violence-policy-purge-2017,1,https://redditwatch.org/subreddits/physical-removal
r/PicsOfDeadKids,banned,October 2017,2017,Glorifying violence / shock gore,Gore/shock,,,,2,https://redditwatch.org/subreddits/picsofdeadkids
r/SexWithDogs,banned,October 2017,2017,Illegal/abusive content,Illegal/transactions,,,,2,https://redditwatch.org/subreddits/sexwithdogs
r/alternativeright,banned,February 2017,2017,Content-policy violations / doxxing,Hate,,reddit-bans-european-whiterights-nationalist-subs-2017-2018,alt-right-doxxing-ban-2017,2,https://redditwatch.org/subreddits/alternativeright
r/altright,banned,February 2017,2017,Content-policy violations / doxxing,Hate,,reddit-bans-european-whiterights-nationalist-subs-2017-2018,alt-right-doxxing-ban-2017,1,https://redditwatch.org/subreddits/altright
r/far_right,banned,October 2017,2017,Glorifying/inciting violence (far-right extremism),Hate,,,violence-policy-purge-2017,2,https://redditwatch.org/subreddits/far-right
r/incels,banned,November 2017,2017,Content inciting violence; misogyny glorifying rape,Violence,"≈40,000",reddit-bans-incels-braincels-2017-2019,,2,https://redditwatch.org/subreddits/incels
r/killthejews,banned,October 2017,2017,"Antisemitic community advocating violence, removed under the clarified incitement policy",Hate,,,violence-policy-purge-2017,2,https://redditwatch.org/subreddits/killthejews
r/pol,banned,October 2017,2017,Glorifying/inciting violence (extremist),Hate,,,,2,https://redditwatch.org/subreddits/pol
r/selfharmpics,banned,October 2017,2017,Glorifying self-harm / shock content,Gore/shock,,,,2,https://redditwatch.org/subreddits/selfharmpics
r/pizzagate,banned,November 2016,2016,Doxxing during the Pizzagate conspiracy campaign,Doxxing,,reddit-pizzagate-subreddit-comet-ping-pong-shooting,,2,https://redditwatch.org/subreddits/pizzagate
r/ApeWrangling,banned,August 2015,2015,Racist hate speech (Chimpire satellite),Hate,,,,2,https://redditwatch.org/subreddits/apewrangling
r/Apefrica,banned,August 2015,2015,Anti-Black racist hate speech (Chimpire satellite),Hate,,reddit-chimpire-network-splc-black-hole-2015,coontown-content-policy-2015,2,https://redditwatch.org/subreddits/apefrica
r/BlackPeopleHate,banned,August 2015,2015,Anti-Black racist hate speech (Chimpire satellite),Hate,,,,2,https://redditwatch.org/subreddits/blackpeoplehate
r/CandidFashionPolice,banned,2015,2015,Covert sexualized photos of women (creepshots successor),Harassment,,candidfashionpolice-creepshot-successor-ban-2015,,1,https://redditwatch.org/subreddits/candidfashionpolice
r/Chicongo,banned,August 2015,2015,Racist hate speech (Chimpire satellite),Hate,,,,2,https://redditwatch.org/subreddits/chicongo
r/CoonTown,banned,August 2015,2015,Anti-Black racist hate speech and harassment,Hate,"≈15,000+",reddit-bans-coontown-august-2015-content-policy,coontown-content-policy-2015,2,https://redditwatch.org/subreddits/coontown
r/CoonTownMeta,banned,August 2015,2015,Racist hate speech (CoonTown meta sub),Hate,,,coontown-content-policy-2015,2,https://redditwatch.org/subreddits/coontownmeta
r/CoonTownMods,banned,August 2015,2015,Racist hate speech (CoonTown moderator hub),Hate,,,coontown-content-policy-2015,2,https://redditwatch.org/subreddits/coontownmods
r/Detoilet,banned,August 2015,2015,Racist hate speech (Chimpire satellite),Hate,,,,2,https://redditwatch.org/subreddits/detoilet
r/DinduNuffins,banned,August 2015,2015,Anti-Black racist hate speech (Chimpire satellite),Hate,,,,1,https://redditwatch.org/subreddits/dindunuffins
r/GasTheKikes,banned,2015,2015,Antisemitic hate speech inciting violence,Hate,,reddit-bans-gasthekikes-kiketown-antisemitic-2015,violence-policy-purge-2017,3,https://redditwatch.org/subreddits/gasthekikes
r/GreatApes,banned,August 2015,2015,Anti-Black racist hate speech (origin of the 'Chimpire'),Hate,,reddit-chimpire-network-splc-black-hole-2015,coontown-content-policy-2015,2,https://redditwatch.org/subreddits/greatapes
r/MuhDick,banned,August 2015,2015,Anti-Black racist hate speech (Chimpire satellite),Hate,,,,3,https://redditwatch.org/subreddits/muhdick
r/N199ers,banned,August 2015,2015,Anti-Black racist hate speech (Chimpire satellite),Hate,,reddit-chimpire-network-splc-black-hole-2015,coontown-content-policy-2015,2,https://redditwatch.org/subreddits/n199ers
r/Spacedicks,banned,2015,2015,Grotesque/shock gore imagery,Gore/shock,"≈100,000+",,,1,https://redditwatch.org/subreddits/spacedicks
r/Teenapers,banned,August 2015,2015,Racist hate speech (Chimpire satellite),Hate,,,,2,https://redditwatch.org/subreddits/teenapers
r/TrayvonMartin,banned,August 2015,2015,Racist content mocking a shooting victim (Chimpire satellite),Hate,,,,2,https://redditwatch.org/subreddits/trayvonmartin
r/USBlackCulture,banned,August 2015,2015,Anti-Black racist hate speech (Chimpire satellite),Hate,,reddit-chimpire-network-splc-black-hole-2015,coontown-content-policy-2015,2,https://redditwatch.org/subreddits/usblackculture
r/WatchNiggersDie,banned,August 2015,2015,Racist gore content (CoonTown satellite),Hate,,,coontown-content-policy-2015,2,https://redditwatch.org/subreddits/watchniggersdie
r/bestofcoontown,banned,August 2015,2015,Racist hate speech (CoonTown satellite),Hate,,,coontown-content-policy-2015,2,https://redditwatch.org/subreddits/bestofcoontown
r/blackfathers,quarantined,August 2015,2015,Racist 'joke' content (deliberately empty hate sub),Hate,,,,2,https://redditwatch.org/subreddits/blackfathers
r/chimpmusic,banned,August 2015,2015,Anti-Black racist hate speech (Chimpire satellite),Hate,,reddit-chimpire-network-splc-black-hole-2015,coontown-content-policy-2015,2,https://redditwatch.org/subreddits/chimpmusic
r/drawpeople,quarantined,August 2015,2015,Highly offensive content,Other,,,,2,https://redditwatch.org/subreddits/drawpeople
r/fatpeoplehate,banned,June 2015,2015,Targeted harassment of individuals,Harassment,"≈151,000",reddit-bans-fatpeoplehate-2015,anti-harassment-wave-2015,2,https://redditwatch.org/subreddits/fatpeoplehate
r/fatpeoplehate2,banned,June 2015,2015,Targeted harassment of individuals (FPH ban-evasion sub),Harassment,,reddit-bans-fatpeoplehate-2015,,2,https://redditwatch.org/subreddits/fatpeoplehate2
r/ferguson,banned,August 2015,2015,Racist content exploiting the Ferguson unrest (Chimpire),Hate,,,,2,https://redditwatch.org/subreddits/ferguson
r/funnyniggers,banned,August 2015,2015,Anti-Black racist hate speech (Chimpire satellite),Hate,,reddit-chimpire-network-splc-black-hole-2015,coontown-content-policy-2015,2,https://redditwatch.org/subreddits/funnyniggers
r/hamplanethatred,banned,June 2015,2015,Harassment of overweight people,Harassment,"≈3,071",reddit-bans-fatpeoplehate-2015,anti-harassment-wave-2015,1,https://redditwatch.org/subreddits/hamplanethatred
r/kiketown,quarantined,August 2015,2015,Antisemitic hate content,Hate,,reddit-bans-gasthekikes-kiketown-antisemitic-2015,violence-policy-purge-2017,2,https://redditwatch.org/subreddits/kiketown
r/koontown,banned,August 2015,2015,Racist hate speech (CoonTown satellite),Hate,,,coontown-content-policy-2015,2,https://redditwatch.org/subreddits/koontown
r/lolicon,banned,August 2015,2015,Sexualized cartoon depictions of children,Sexualization of minors,,,,2,https://redditwatch.org/subreddits/lolicon
r/neofag,banned,June 2015,2015,Harassment of NeoGAF forum members,Harassment,"≈1,239",,anti-harassment-wave-2015,1,https://redditwatch.org/subreddits/neofag
r/photoplunder,banned,2015,2015,Sharing nude photos of women without consent,Harassment,"≈44,000",reddit-thefappening-involuntary-porn-ban-2015,,2,https://redditwatch.org/subreddits/photoplunder
r/rapingwomen,banned,August 2015,2015,Encouraging rape / inciting violence against women,Violence,,reddit-bans-beatingwomen-rapingwomen-2014-2015,,2,https://redditwatch.org/subreddits/rapingwomen
r/shitniggerssay,banned,June 2015,2015,Racist harassment,Harassment,≈219,,anti-harassment-wave-2015,2,https://redditwatch.org/subreddits/shitniggerssay
r/swedenyes,quarantined,August 2015,2015,Highly offensive xenophobic / racist content,Hate,,,,1,https://redditwatch.org/subreddits/swedenyes
r/transfags,banned,June 2015,2015,Harassment of transgender people,Harassment,≈149,,anti-harassment-wave-2015,1,https://redditwatch.org/subreddits/transfags
r/whitesarecriminals,quarantined,August 2015,2015,Highly offensive racially-charged content,Hate,,,,3,https://redditwatch.org/subreddits/whitesarecriminals
r/Fappening,banned,September 2014,2014,"Hosting hacked, non-consensual nude celebrity photos",Sexualization of minors,,reddit-thefappening-involuntary-porn-ban-2015,,2,https://redditwatch.org/subreddits/fappening
r/TheFappening,banned,September 2014,2014,"Hosting hacked, non-consensual nude celebrity photos",Sexualization of minors,,reddit-thefappening-involuntary-porn-ban-2015,,2,https://redditwatch.org/subreddits/thefappening
r/beatingwomen,banned,June 2014,2014,Graphic violence against women; moderators doxxing users,Doxxing,,reddit-bans-beatingwomen-rapingwomen-2014-2015,,2,https://redditwatch.org/subreddits/beatingwomen
r/niggers,banned,June 2013,2013,"Vote manipulation, brigading, racist content",Hate,,reddit-chimpire-network-splc-black-hole-2015,coontown-content-policy-2015,1,https://redditwatch.org/subreddits/niggers
r/CreepShots_meta,banned,2012,2012,Covert sexualized photos of women (creepshots-network sub),Harassment,,reddit-creepshots-violentacrez-2012,,1,https://redditwatch.org/subreddits/creepshots-meta
r/creepshots,banned,October 2012,2012,Sexualized photos of women taken without consent,Harassment,,reddit-creepshots-violentacrez-2012,,2,https://redditwatch.org/subreddits/creepshots
r/jailbait,banned,October 2011,2011,Suggestive/sexualized images of underage girls,Sexualization of minors,"≈150,000",r-jailbait-subreddit-scandal,,2,https://redditwatch.org/subreddits/jailbait
r/jailbaitgw,banned,2011,2011,Sexualized images of minors,Sexualization of minors,,reddit-csam-jailbait-and-ongoing-child-safety-failures,,2,https://redditwatch.org/subreddits/jailbaitgw
r/preteen_girls,banned,2011,2011,Sexualized images of minors,Sexualization of minors,,reddit-csam-jailbait-and-ongoing-child-safety-failures,,2,https://redditwatch.org/subreddits/preteen-girls